"Semestre","Moyenne","Mediane"
"S1",11.88155,12.02
"S2",11.88535,11.96
"Variation",0.00380000000000003,-0.0599999999999987
