"Semestre","Moyenne","Mediane","SD"
"S1",11.88155,12.02,1.61983841166318
"S2",11.88535,11.96,1.61068507460265
"Variation",0.00380000000000002,-0.209999999999999,1.38956287548445
