"Semestre","Moyenne","Mediane","SD"
"S1",5.095,5,2.28958204256765
"S2",5.16,5,2.35630235836153
"Variation",0.0650000000000004,0,3.30231759640676
