"heures_etude_semaine","nb_absences_s1","nb_absences_s2","moyenne_s1","moyenne_s2"
1,-0.0212206572459852,0.0195521105549276,0.371652221229175,0.393368859234906
-0.0212206572459852,1,-0.0102832115141395,-0.356591506814782,-0.12428834101764
0.0195521105549276,-0.0102832115141395,1,0.0422361172750428,-0.198238759150794
0.371652221229175,-0.356591506814782,0.0422361172750428,1,0.629979967384283
0.393368859234906,-0.12428834101764,-0.198238759150794,0.629979967384283,1
