"heures_etude_semaine","nb_absences_s1","nb_absences_s2","moyenne_s1","moyenne_s2"
1,-0.024637322539811,0.0200305983453829,0.371338190493986,0.392759839185239
-0.024637322539811,1,-0.0102832115141395,-0.356591506814782,-0.12428834101764
0.0200305983453829,-0.0102832115141395,1,0.0422361172750428,-0.198238759150794
0.371338190493986,-0.356591506814782,0.0422361172750428,1,0.629979967384283
0.392759839185239,-0.12428834101764,-0.198238759150794,0.629979967384283,1
