"Moyenne","Mediane","Ecart_type","Minimum","Maximum"
11.88155,12.02,1.61983841166318,6.64,16.22
11.88535,11.96,1.61068507460265,7.52,16.24
